{"0": 0.060759828341899164, "1": 0.0011695502486092316, "4": 0.12009934991853578, "2": 0.005383985431815795, "3": 0.03422939531648477, "6": 10.206034823912711, "5": 0.0011376487338104866, "7": 0.2770266435266783, "11": 0.021553128398236195, "12": 0.027422148937357085, "16": 0.4067848259367645, "20": 0.32153720901315, "13": 0.9182575423788291, "14": 0.08998245318853307, "15": 0.032905159917258675, "17": 0.001986077266343936, "18": 0.03632882146411049, "19": 0.06415085429109892, "8": 0.0077246186981369475, "10": 1.1725487291239667, "9": 0.030066164139240233, "23": 0.27675499398320796, "21": 0.05141612791513758, "22": 0.30588359812541643, "24": 0.04408771764265067, "29": 0.07389665565799333, "30": 0.04159949317667911, "35": 58.56050946980837, "34": 0.003259875636301219, "27": 8.378545201444721, "39": 0.09512643036520504, "25": 0.0, "31": 0.040658903910223, "26": 0.16483686564177988, "48": 5.337947474752812, "47": 0.23534590070995814, "43": 0.006718528172394738, "32": 0.03392359187862479, "36": 100.0, "28": 0.2210287887255716, "33": 0.005964294305802509, "41": 0.0736911916504859, "44": 0.0033261953781970285, "37": 0.013150539374582739, "38": 0.018831056716841866, "45": 0.012729374438114435, "42": 0.07653510132720281, "46": 0.11476951027820413, "49": 0.010895680256986045, "40": 13.329657498506775}