{"0": 0.0060678365708249325, "1": 0.00013195128675126384, "4": 0.011513422896457159, "2": 0.000512391723128026, "3": 0.0035144233138332446, "6": 0.02044969051373803, "5": 9.54661413709843e-05, "7": 0.02644525665110173, "11": 0.0025284195223440427, "12": 0.0030104354930720525, "16": 0.04124947756092826, "20": 0.03290772289822045, "13": 0.002163438694857463, "14": 0.00867376591620413, "15": 0.003331468166447383, "17": 0.00018353288362864216, "18": 0.0033971655188364306, "19": 0.006708658344313358, "8": 0.0007482796557219616, "10": 0.11816977148250418, "9": 0.002729936442446388, "23": 0.02846516973552211, "21": 0.005004705744619252, "22": 0.0314847040243385, "24": 0.00479434190788808, "29": 0.0069105242133798385, "30": 0.00392877389981108, "35": 63.74266995677876, "34": 0.00034828818851410925, "27": 0.02117608073401193, "39": 0.010463433437890544, "25": 0.0, "31": 0.00401542413256334, "26": 0.017264451057304387, "48": 0.013713258281629313, "47": 0.02273640342643837, "43": 0.0007305972493179289, "32": 0.00311339072028055, "36": 100.0, "28": 0.022162756872619593, "33": 0.0006325688495385231, "41": 0.0068984509995392625, "44": 0.00033655457880995437, "37": 0.0012889242826829915, "38": 0.001965257770384615, "45": 0.001368566383305805, "42": 0.0075853082814771626, "46": 0.01146458177745181, "49": 0.0011036495894787923, "40": 0.04073827343203581}