{"0": 0.006067897526757591, "1": 0.00013195238803678279, "4": 0.01151358170490765, "2": 0.0005123892895191687, "3": 0.0035144139580506003, "6": 0.020449520918656906, "5": 9.546586493649995e-05, "7": 0.026445293770162335, "11": 0.002528412534290226, "12": 0.003010458321727037, "16": 0.04124956369218882, "20": 0.03290777490789147, "13": 0.002163472010905049, "14": 0.008673777928125894, "15": 0.003331512669252701, "17": 0.0001835372226230586, "18": 0.003397203671491171, "19": 0.006708710170781386, "8": 0.00074826955156495, "10": 0.11816977301228808, "9": 0.002729992373182751, "23": 0.028465074596745264, "21": 0.005004740102455284, "22": 0.03148478699763021, "24": 0.004794346291447289, "29": 0.006910565429869328, "30": 0.0039288354091371646, "35": 63.746572195569804, "34": 0.0003482951615263875, "27": 0.021176273093979195, "39": 0.01046348614540262, "25": 0.0, "31": 0.004015376804825763, "26": 0.017264471408069634, "48": 0.013713387749845053, "47": 0.022736687202100182, "43": 0.0007305913752999628, "32": 0.003113386415700797, "36": 100.0, "28": 0.02216297575043375, "33": 0.0006325625149629996, "41": 0.006898386042863424, "44": 0.0003365607848215158, "37": 0.001288932023952768, "38": 0.001965247551782036, "45": 0.0013685709482804897, "42": 0.007585248024727841, "46": 0.01146461324733916, "49": 0.0011036660394591555, "40": 0.04073829101923316}