{"0": 0.006067881313795057, "1": 0.0001319540087246414, "4": 0.011513472724641044, "2": 0.0005123922648785772, "3": 0.0035143935345181634, "6": 0.0204495946467209, "5": 9.546671157718668e-05, "7": 0.02644516434197564, "11": 0.0025284272449413933, "12": 0.003010441901851083, "16": 0.041249347394807616, "20": 0.03290735470354382, "13": 0.0021634278847623796, "14": 0.008673702809167644, "15": 0.0033314733599305335, "17": 0.0001835356677680363, "18": 0.0033971465136249874, "19": 0.006708651355363324, "8": 0.0007482678956799048, "10": 0.11816978271326074, "9": 0.002729942199300289, "23": 0.028465114584288364, "21": 0.005004711612649936, "22": 0.031484631092572116, "24": 0.004794348881130384, "29": 0.006910529429771998, "30": 0.003928784727013766, "35": 63.731500397692834, "34": 0.0003482927240013699, "27": 0.02117610021648761, "39": 0.010463438222348296, "25": 0.0, "31": 0.004015410175215382, "26": 0.017264501135093913, "48": 0.013713259788169396, "47": 0.02273642378736328, "43": 0.000730589878049489, "32": 0.003113405094493684, "36": 100.0, "28": 0.022162773290580848, "33": 0.000632562455879925, "41": 0.006898415799381184, "44": 0.00033655907780141836, "37": 0.0012889069254919275, "38": 0.0019652649918314516, "45": 0.0013685741374625739, "42": 0.007585268725763739, "46": 0.011464538209848742, "49": 0.00110366301795242, "40": 0.04073798249590737}