{"0": 0.0060678473725449015, "1": 0.0001319506057595119, "4": 0.011513459396214036, "2": 0.0005123844714125409, "3": 0.0035144441295636075, "6": 0.020449393943332922, "5": 9.546875184997666e-05, "7": 0.026445412957317546, "11": 0.002528420337565717, "12": 0.0030104262505931943, "16": 0.041249672328385806, "20": 0.032907665852806016, "13": 0.0021634470451467637, "14": 0.00867384648209409, "15": 0.0033314771188769454, "17": 0.00018353503141037655, "18": 0.00339721045941653, "19": 0.006708663093433279, "8": 0.0007482602791634045, "10": 0.11816974397138776, "9": 0.002729952333682704, "23": 0.028465175094173976, "21": 0.005004767478847323, "22": 0.03148488649426738, "24": 0.0047943330532133396, "29": 0.006910523655142655, "30": 0.003928759928090987, "35": 63.733297378332686, "34": 0.000348291344004757, "27": 0.02117605521051426, "39": 0.010463501018129873, "25": 0.0, "31": 0.004015420084147515, "26": 0.01726437660935298, "48": 0.013713288092480404, "47": 0.022736341396821874, "43": 0.0007305804428296303, "32": 0.0031133514138216487, "36": 100.0, "28": 0.022162891032500513, "33": 0.0006325577975965738, "41": 0.006898367482274143, "44": 0.0003365624745577726, "37": 0.0012889311731963064, "38": 0.001965248005536296, "45": 0.001368568647688792, "42": 0.0075852298614546955, "46": 0.01146473611147016, "49": 0.0011036510825389175, "40": 0.04073778315735437}
