{"0": 0.0060678438010093975, "1": 0.00013195099443051353, "4": 0.011513464077305096, "2": 0.0005123868571594123, "3": 0.003514412039935933, "6": 0.020449421470629586, "5": 9.546618054329465e-05, "7": 0.02644525924057527, "11": 0.00252841976575665, "12": 0.0030104278393671105, "16": 0.041249457718856096, "20": 0.03290758984612178, "13": 0.002163429951036963, "14": 0.008673748658617714, "15": 0.0033314588248579365, "17": 0.00018353476828141175, "18": 0.0033971766902303542, "19": 0.006708629280514229, "8": 0.000748263067658597, "10": 0.11816975375081072, "9": 0.0027299435637370157, "23": 0.028465109990342855, "21": 0.005004708937421922, "22": 0.031484745192625785, "24": 0.004794318646321236, "29": 0.006910494517107687, "30": 0.003928768946320785, "35": 63.7472386943765, "34": 0.0003482901258769484, "27": 0.021176010618698494, "39": 0.010463440969064038, "25": 0.0, "31": 0.004015399009979735, "26": 0.017264449078284207, "48": 0.013713240018985847, "47": 0.022736373489229484, "43": 0.0007305873880975561, "32": 0.003113360331479048, "36": 100.0, "28": 0.022162782027409143, "33": 0.0006325605194395771, "41": 0.006898353404079528, "44": 0.0003365591122242458, "37": 0.0012889197930182077, "38": 0.001965255594896832, "45": 0.0013685601743351893, "42": 0.007585221715904701, "46": 0.011464613862038751, "49": 0.0011036518082278874, "40": 0.04073786527142274}